<?xml version="1.0" encoding="utf-8"?>
<VugenScriptMetadata>
  <ScriptName>Think-Tester-Script</ScriptName>
  <Protocol>Web - HTTP/HTML</Protocol>
  <ActionFiles>
    <FileEntry Name="vuser_init.c" Filter="2" />
    <FileEntry Name="Action.c" Filter="2" />
    <FileEntry Name="vuser_end.c" Filter="2" />
  </ActionFiles>
  <GeneralFiles>
    <FileEntry Name="Think-Tester-Script.usr" Filter="4" />
    <FileEntry Name="default.cfg" Filter="4" />
    <FileEntry Name="default.usp" Filter="4" />
    <FileEntry Name="Think-Tester-Script.prm" Filter="2" />
    <FileEntry Name="globals.h" Filter="2" />
    <FileEntry Name="Login.dat" Filter="2" />
    <FileEntry Name="combined_Think-Tester-Script.c" Filter="2" />
    <FileEntry Name="pre_cci.c" Filter="2" />
    <FileEntry Name="112017478440.idx" Filter="1" />
    <FileEntry Name="11201747844_1yO.239.idx" Filter="1" />
    <FileEntry Name="11201747844_6VS.81.idx" Filter="1" />
    <FileEntry Name="11201747844_AUQ.55.idx" Filter="1" />
    <FileEntry Name="11201747844_bHB.827.idx" Filter="1" />
    <FileEntry Name="11201747844_ElP.673.idx" Filter="1" />
    <FileEntry Name="11201747844_eon.421.idx" Filter="1" />
    <FileEntry Name="11201747844_GkB.457.idx" Filter="1" />
    <FileEntry Name="11201747844_HNQ.717.idx" Filter="1" />
    <FileEntry Name="11201747844_m5p.191.idx" Filter="1" />
    <FileEntry Name="11201747844_m5X.269.idx" Filter="1" />
    <FileEntry Name="11201747844_mK9.75.idx" Filter="1" />
    <FileEntry Name="11201747844_MvC.349.idx" Filter="1" />
    <FileEntry Name="11201747844_PWK.609.idx" Filter="1" />
    <FileEntry Name="11201747844_rEY.425.idx" Filter="1" />
    <FileEntry Name="11201747844_VEP.639.idx" Filter="1" />
    <FileEntry Name="11201747844_ZkC.925.idx" Filter="1" />
    <FileEntry Name="49395572440.idx" Filter="1" />
    <FileEntry Name="Bookmarks.xml" Filter="1" />
    <FileEntry Name="Breakpoints.xml" Filter="1" />
    <FileEntry Name="CompilerLogMetadata.xml" Filter="1" />
    <FileEntry Name="custom_body_variables.txt" Filter="1" />
    <FileEntry Name="data.zip" Filter="1" />
    <FileEntry Name="EM.dat" Filter="1" />
    <FileEntry Name="logfile.log" Filter="1" />
    <FileEntry Name="lrw_custom_body.h" Filter="1" />
    <FileEntry Name="mdrv.log" Filter="1" />
    <FileEntry Name="mdrv_cmd.txt" Filter="1" />
    <FileEntry Name="NewParam(1).dat" Filter="1" />
    <FileEntry Name="NewParam.dat" Filter="1" />
    <FileEntry Name="NewParams.dat" Filter="1" />
    <FileEntry Name="options.txt" Filter="1" />
    <FileEntry Name="output.bak" Filter="1" />
    <FileEntry Name="output.txt" Filter="1" />
    <FileEntry Name="OutputColoringDatabase.json" Filter="1" />
    <FileEntry Name="ReplaySummaryReport.xml" Filter="1" />
    <FileEntry Name="ScriptUploadMetadata.xml" Filter="1" />
    <FileEntry Name="Think-Tester-Script.c.pickle" Filter="1" />
    <FileEntry Name="Think-Tester-Script.ci" Filter="1" />
    <FileEntry Name="Think-Tester-Script.prm.bak" Filter="1" />
    <FileEntry Name="ThumbnailsCache.tmp" Filter="1" />
    <FileEntry Name="UserTasks.xml" Filter="1" />
    <FileEntry Name="data\" Filter="1" />
    <FileEntry Name="result1\" Filter="1" />
  </GeneralFiles>
</VugenScriptMetadata>