[
    {
        "actionName": "Action",
        "steps": [
            {
                "stepId": "STEP3",
                "stepName": "Custom Request: json",
                "infFile": "t3.inf",
                "time": 1708761585115
            },
            {
                "stepId": "STEP4",
                "stepName": "Custom Request: login",
                "infFile": "t5.inf",
                "time": 1708761585452
            },
            {
                "stepId": "STEP5",
                "stepName": "Url: contactList",
                "infFile": "t6.inf",
                "time": 1708761586768
            },
            {
                "stepId": "STEP6",
                "stepName": "Custom Request: contacts",
                "infFile": "t7.inf",
                "time": 1708761587049
            }
        ],
        "transactions": []
    }
]