[
    {
        "actionName": "vuser_end",
        "steps": [
            {
                "stepId": "STEP7",
                "stepName": "Url: thinking-tester-contact-list.herokuapp.com",
                "infFile": "t8.inf",
                "time": 1708761587556
            },
            {
                "stepId": "STEP8",
                "stepName": "Url: addContact",
                "infFile": "t9.inf",
                "time": 1708761588047
            }
        ],
        "transactions": []
    }
]