[
    {
        "actionName": "vuser_init",
        "steps": [
            {
                "stepId": "STEP1",
                "stepName": "Url: thinking-tester-contact-list.herokuapp.com",
                "infFile": "t1.inf",
                "time": 1708761584106
            },
            {
                "stepId": "STEP2",
                "stepName": "Submit Form: thinking-tester-contact-list.herokuapp.com_2",
                "infFile": "t2.inf",
                "time": 1708761584612
            }
        ],
        "transactions": []
    }
]